ID,Monument Name,Country,Location,Continent,Type,Year Built,Latitude,Longitude,Image URL,Photographer Name,Photographer URL,Description
62,Meteora,Greece,Thessaly,Europe,Rock Formation,14th century,39.721729,21.630466,https://plus.unsplash.com/premium_photo-1661927459496-754b4215ff06?q=80&w=2670&auto=format&fit=crop&ixlib=rb-4.1.0&ixid=M3wxMjA3fDB8MHxwaG90by1wYWdlfHx8fGVufDB8fHx8fA%3D%3D,,,Meteora is a striking geological formation located in northwestern Thessaly Greece near the town of Kalabaka and the village of Kastraki. The name Meteora means lofty or suspended in the air which aptly describes this collection of massive sandstone pillars rising up to 400 meters above the plain. Perched atop these natural columns are six active Eastern Orthodox monasteries out of the original twenty-four established in the 14th century under the rule of Simeon Uroš. These monasteries include Great Meteoron Varlaam Saint Nicholas Anapausas Rousanou Holy Trinity and Saint Stephen. Originally these remote sanctuaries were accessible only by retractable rope ladders and nets providing effective defense and isolation for monks and nuns. Meteora's unique combination of spectacular geology spiritual significance and medieval architecture led to its inscription as a UNESCO World Heritage Site in 1988.
63,Cologne Cathedral,Germany,Cologne,Europe,Cathedral,1248-1880,50.941278,6.958281,https://images.unsplash.com/photo-1555993539-1732b0258235,,,Cologne Cathedral (Kölner Dom) is a renowned Gothic cathedral located in Cologne Germany. Initiated in 1248 to house the purported relics of the Three Wise Men its construction halted during the 16th century and remained unfinished for hundreds of years. Work resumed in the 19th century guided by original medieval plans and the cathedral was finally completed in 1880. Famous for its immense twin spires which rise to 157 meters it remained the world's tallest building until 1884. Cologne Cathedral is celebrated for its masterful Gothic architecture intricate stained-glass windows and its status as a symbol of enduring faith and unity through centuries of war modernization and restoration. In recognition of its significance in both religious and architectural history the cathedral became a UNESCO World Heritage Site in 1996.
64,Atomium,Belgium,Brussels,Europe,Monument,1957-1958,50.895167,4.341389,https://images.unsplash.com/photo-1555993539-1732b0258235,,,The Atomium is a landmark building in Brussels Belgium originally constructed for the 1958 Brussels World's Fair (Expo 58). Designed by engineer André Waterkeyn and architects André and Jean Polak the structure represents an iron crystal magnified 165 billion times composed of nine interconnected stainless steel spheres. Standing at 102 meters tall the Atomium was envisioned as a symbol of scientific progress and the atomic age. The interconnected spheres house exhibition spaces and public areas and a panoramic viewing platform at the top offers vistas over Brussels. The Atomium is an iconic example of post-war optimism and modernist design and it has become one of Belgium's most recognized symbols as well as a major tourist attraction.
66,Ponte Vecchio,Italy,Florence,Europe,Bridge,1345,43.767917,11.253167,https://images.unsplash.com/photo-1555993539-1732b0258235,,,The Ponte Vecchio or Old Bridge is a medieval stone arch bridge spanning the Arno River in Florence Italy. Renowned as the city's oldest and most famous bridge it has been a vital river crossing since Roman times. The present bridge was constructed in 1345 following disastrous floods that destroyed earlier versions. Notably the Ponte Vecchio has merchant shops built along its span—a tradition dating back to the 13th century—originally butchers and tanners later replaced by jewelers and goldsmiths. Richly associated with Florence's economic and cultural life the bridge survived World War II intact allegedly spared by Hitler's orders. Its charming architecture and the bustling market atmosphere maintain its status as a symbol of Florence and an enduring feat of medieval engineering.
71,White Tower,Greece,Thessaloniki,Europe,Tower,15th century,40.626667,22.948611,https://images.unsplash.com/photo-1555993539-1732b0258235,,,The White Tower of Thessaloniki is a cylindrical stone tower guarding the waterfront of Thessaloniki Greece. Constructed in the 15th century as part of the city's Ottoman fortifications it succeeded an older Byzantine tower at the same location. The tower served various defensive and administrative functions including use as a garrison and prison infamously known as the Tower of Blood due to its history as a site for executions. In 1912 after Thessaloniki's incorporation into Greece it was whitewashed as a symbol of cleansing and hope granting its current name. Standing 34 meters high and offering sweeping views of the city and Thermaic Gulf the White Tower is one of Thessaloniki's most recognizable monuments and today functions as a museum exploring the city's rich history.
73,Windmills,Netherlands,Kinderdijk,Europe,Historic Site,1738-1740,51.88250,4.64944,https://images.unsplash.com/photo-1555993539-1732b0258235,,,The Windmills of Kinderdijk comprise a network of 19 monumental windmills constructed between 1738 and 1740 in the Alblasserwaard polder South Holland. Built to prevent flooding by pumping excess water out of the low-lying polder at the confluence of the Lek and Noord rivers these mills represent the largest concentration of old windmills in the Netherlands. Renowned for their role in Dutch water management they are considered symbols of Dutch ingenuity and resilience against the sea. Kinderdijk has been recognized as a UNESCO World Heritage Site since 1997 celebrated for its preservation and the exceptional technology of water control it demonstrates. The windmills remain a major Dutch tourist attraction and an iconic image of the Netherlands.
75,Sintra,Portugal,Lisbon,Europe,Historic Town,1842-1854,38.7876,-9.3907,https://images.unsplash.com/photo-1555993539-1732b0258235,,,Sintra is a picturesque town nestled in the Sintra Mountains near Lisbon. The historic center is notable for its medieval layout and romantic architectural ensemble attracting visitors with its winding lanes and lush mountain settings. The standout monument is the Palácio Nacional da Pena (Pena Palace) a 19th-century Romanticist castle built atop a former monastery between 1842 and 1854 blending Neo-Gothic Neo-Manueline and Moorish Revival styles with vivid colors. Both the palace and the town are inscribed as UNESCO World Heritage Sites celebrated for their harmonious integration of natural landscapes and revivalist architecture alongside Moorish and medieval remnants. Sintra is famed for its enchanting palaces exotic gardens mystic woods and fairy tale atmosphere.
76,Belém Tower,Portugal,Lisbon,Europe,Tower,1514-1519,38.6916,-9.2165,https://images.unsplash.com/photo-1555993539-1732b0258235,,,Belém Tower or Torre de Belém stands on the northern bank of the Tagus River in Lisbon. Built from 1514 to 1519 under the reign of King Manuel I this fortress was designed by Francisco de Arruda in the distinctive Portuguese Manueline style blending ornate Gothic and Moorish elements. Originally a defensive bastion to guard the river entrance and as a ceremonial gateway to Lisbon its richly decorated structure—with sculpted battlements and maritime motifs—symbolizes Portugal's Age of Discovery. Recognized as a UNESCO World Heritage Site the tower is an enduring icon of Lisbon admired for its historical role in maritime exploration and architectural splendor.
77,Petronas Towers,Malaysia,Kuala Lumpur,Asia,Skyscrapers,1998,3.1579,101.7113,https://images.unsplash.com/photo-1555993539-1732b0258235,,,The Petronas Towers are a pair of 88-story supertall skyscrapers in Kuala Lumpur Malaysia designed by architect César Pelli and completed in 1998. Reaching a height of 451.9 meters they were the tallest buildings in the world from 1998 to 2004 and remain the tallest twin towers globally. Their design incorporates Islamic-inspired motifs reflecting Malaysia's Muslim heritage with floor plans based on a Rub el Hizb geometric pattern. A skybridge at levels 41 and 42 links the two towers offering panoramic views. The Petronas Towers are a symbol of Kuala Lumpur's modern skyline and Malaysia's rapid urban development and economic ambition.
78,Bagan,Myanmar,Mandalay,Asia,Archaeological Zone,9th-13th centuries,21.1717,94.8585,https://images.unsplash.com/photo-1555993539-1732b0258235,,,The Bagan Archaeological Zone in central Myanmar's Mandalay Region encompasses the remains of over 3500 Buddhist stupas temples monasteries and other structures built from the 9th to 13th centuries during the Pagan Kingdom's reign. Once the heart of a prosperous empire Bagan's rulers commissioned thousands of monuments showcasing the spread of Theravāda Buddhism and sophisticated Burmese architecture. This plain along the Irrawaddy River is renowned for its monumental scale and diversity of temple forms. Inscribed as a UNESCO World Heritage Site in 2019 Bagan is celebrated as one of the world's greatest archaeological sites remarkable for both its historical importance and awe-inspiring landscape dotted with temple spires stretching to the horizon.
79,Borobudur,Indonesia,Central Java,Asia,Temple,778-850 CE,-7.6079,110.2038,https://images.unsplash.com/photo-1555993539-1732b0258235,,,Borobudur is the largest Buddhist temple in the world and a UNESCO World Heritage Site. Constructed in the 8th and 9th centuries this massive structure is built as a series of stacked platforms—six square and three circular—topped by a central dome. Its walls and balustrades are adorned with over 2600 relief panels and 504 Buddha statues. The temple is designed as a mandala representing the Buddhist cosmology and its pilgrim path symbolizes the journey toward enlightenment spiraling upwards from the base through terraces toward the central stupa. The monument overlooks lush rice fields and distant volcanoes in Central Java.
80,Terracotta Army,China,Xi'an,Asia,Archaeological Site,247-208 BCE,34.38500,109.27306,https://images.unsplash.com/photo-1555993539-1732b0258235,,,The Terracotta Army is an archaeological site containing thousands of life-size terracotta soldiers horses and chariots buried to accompany Emperor Qin Shi Huang in his afterlife. Discovered in 1974 by local farmers the army represents a sophisticated funerary practice intended to protect the emperor beyond death. The figures are meticulously detailed with individual facial features and uniforms reflecting military rank. The site covers several pits with most of the figures remaining in their original placements near the emperor's mausoleum in Lintong District outside Xi'an. Beyond soldiers later pits revealed acrobats musicians and court officials highlighting the complexity of the emperor's envisioned afterlife.
81,Tokyo Tower,Japan,Tokyo,Asia,Tower,1957-1958,35.6586,139.7454,https://images.unsplash.com/photo-1555993539-1732b0258235,,,Tokyo Tower is a 333-meter-tall communications and observation tower modeled after the Eiffel Tower in Paris but painted in white and international orange for aviation safety. Upon completion it was the tallest structure in Japan serving as a television broadcasting antenna and a symbol of Japan's post-war rebirth. The tower features two observation decks offering panoramic views of Tokyo and Mount Fuji on clear days and houses museums and entertainment facilities at its base. Its nighttime illumination is a distinctive feature of the city's skyline.
82,Fushimi Inari Shrine,Japan,Kyoto,Asia,Shrine,711 CE,34.9671,135.7727,https://images.unsplash.com/photo-1555993539-1732b0258235,,,Fushimi Inari Taisha is the head shrine of the kami Inari located at the base of Mount Inari. It is renowned for its seemingly endless rows of bright vermilion torii gates that trail up the wooded mountainside forming pathways through the sacred site. The shrine complex includes several smaller shrines spanning 4 kilometers and takes about two hours to walk. Inari is the Shinto deity of rice agriculture and business and the fox statues (kitsune) frequent throughout the shrine's grounds are considered to be the deity's messengers. The vibrant gates are donated by individuals and companies with their names inscribed upon them.
83,Gardens by the Bay,Singapore,Singapore,Asia,Garden,2012,1.2816,103.8636,https://images.unsplash.com/photo-1555993539-1732b0258235,,,Gardens by the Bay is a 101-hectare nature park along Singapore's Marina Bay waterfront designed to enhance the greenery and flora of the city. It features the iconic Supertree Grove—vertical gardens between 25 and 50 meters tall that light up at night—and two large climate-controlled conservatories: the Flower Dome and Cloud Forest. The Flower Dome simulates a cool-dry Mediterranean climate while the Cloud Forest features a misty tropical mountain environment complete with an indoor waterfall. The park integrates horticulture sustainability features and outdoor art installations attracting millions of visitors annually.
84,Marina Bay Sands,Singapore,Singapore,Asia,Hotel/Resort,2010,1.2834,103.8607,https://images.unsplash.com/photo-1555993539-1732b0258235,,,Marina Bay Sands is a landmark integrated resort famous for its three interconnected hotel towers topped by the Sands SkyPark a massive cantilevered platform with the world's longest elevated infinity pool. Designed by architect Moshe Safdie the complex includes a luxury hotel casino shopping mall theaters restaurants exhibition and convention center and the ArtScience Museum. The SkyPark offers sweeping views of Singapore and the development has become an architectural icon and major tourist attraction symbolizing the city's rapid modern development and status as a global city.
85,Himeji Castle,Japan,Himeji,Asia,Castle,1609,34.83944,134.69389,https://images.unsplash.com/photo-1555993539-1732b0258235,,,Himeji Castle is a hilltop Japanese castle complex in Himeji Hyōgo Prefecture and is considered the best surviving example of traditional Japanese castle architecture. Often called the White Heron Castle due to its brilliant white façade and birdlike appearance the complex consists of 83 structures with advanced defensive systems and maze-like paths intended to thwart attackers. Originally built as a fort in 1333 by Akamatsu Norimura expanded in 1581 by Toyotomi Hideyoshi and completed as seen today by Ikeda Terumasa in 1609 it served as a residence government office and military base over the centuries. Himeji Castle is both a UNESCO World Heritage Site since 1993 and a designated Japanese National Treasure.
86,Potala Palace,Tibet,Lhasa,Asia,Palace,1645-1694,29.6578,91.1175,https://images.unsplash.com/photo-1555993539-1732b0258235,,,Potala Palace towering above the city of Lhasa at an altitude of 3700 meters was the chief residence of the Dalai Lama and the seat of the Tibetan government until 1959. The vast fortress-like structure features more than 1000 rooms including ceremonial halls chapels libraries and tombs of past Dalai Lamas. Its striking white and red exterior symbolizes peace and spirituality. Built on Red Mountain the palace exemplifies Tibetan religious architecture with sloping walls gilded roofs and ornate murals. Today Potala Palace is a UNESCO World Heritage Site and a symbol of Tibetan Buddhism and culture.
87,Banaue Rice Terraces,Philippines,Ifugao,Asia,Agricultural Terraces,100 BC-1580 CE,16.900,121.050,https://images.unsplash.com/photo-1555993539-1732b0258235,,,The Banaue Rice Terraces are ancient hand-carved terraces stretching across the mountains of Ifugao northern Luzon. Revered as the Eighth Wonder of the World their sophisticated engineering relies on a complex irrigation network sourcing water from upland rainforests. The terraces cover about 20000 hectares rising up to 1500 meters above sea level and continue to support local rice and vegetable farming. Their maintenance and continued existence exemplify the Ifugao people's ingenuity community spirit and deep ecological knowledge. Despite UNESCO World Heritage inscription and worldwide acclaim the terraces now face challenges from changing agricultural practices climate and youth migration causing erosion and a decline in active cultivation.
88,Jodhpur Blue City,India,Jodhpur,Asia,City,1459,26.2916,73.0169,https://images.unsplash.com/photo-1555993539-1732b0258235,,,Nicknamed the Blue City Jodhpur's old town is famed for clusters of flat-roofed houses and buildings painted in shades of blue sprawling at the base of the massive Mehrangarh Fort. The tradition of blue paint is believed to have begun with Brahmin households later spreading to the whole city for the practical purposes of deterring insects and combating heat. The labyrinthine alleyways bustling markets and historic architecture create a striking visual landscape that reflects both cultural heritage and practical desert adaptation. Today Jodhpur stands as both a living city and a popular tourist destination celebrated for its photogenic skyline and vibrant atmosphere.
89,Hawa Mahal,India,Jaipur,Asia,Palace,1799,26.9239,75.8267,https://images.unsplash.com/photo-1555993539-1732b0258235,,,The Hawa Mahal or Palace of Winds is an iconic five-story pink sandstone palace in Jaipur Rajasthan designed in 1799 by Lal Chand Ustad for Maharaja Sawai Pratap Singh. Its ornate facade features 953 honeycomb-shaped windows (jharokhas) allowing royal women to observe bustling street life unseen while enabling natural cooling via frequent air circulation. A masterpiece of Rajput and Mughal architecture Hawa Mahal's unique blend of marble latticework arches and delicate stonework embodies the elegance of Jaipur's royal legacy. The palace is a symbol of the city and a major tourist attraction for its historical and architectural significance.
90,Tiger's Nest,Bhutan,Paro Valley,Asia,Monastery,1692,27.4912,89.3636,https://images.unsplash.com/photo-1555993539-1732b0258235,,,The Tiger's Nest Monastery or Paro Taktsang dramatically clings to a sheer cliff at 3120 meters above Paro Valley. Built in 1692 around the legendary meditation cave of Guru Padmasambhava who is said to have arrived there on a flying tigress Taktsang has become Bhutan's most famous spiritual landmark. The complex contains numerous sacred shrines and temples accessed by steep footpaths through pine forest. Despite suffering fires and undergoing reconstruction the site remains a serene pilgrimage destination and a remarkable feat of Himalayan architecture offering a blend of religious reverence and natural splendor.
91,Shwedagon Pagoda,Myanmar,Yangon,Asia,Pagoda,6th-10th century,16.7983,96.1497,https://images.unsplash.com/photo-1555993539-1732b0258235,,,The Shwedagon Pagoda Myanmar's most sacred Buddhist site rises 99 meters atop Singuttara Hill dominating Yangon's skyline with its golden stupa and diamond-studded spire. Legend claims the pagoda enshrines relics of four Buddhas including strands of Gautama Buddha's hair with construction beginning over 2600 years ago; historians however date the core structure to between the 6th and 10th centuries. Lavish donations from successive monarchs have transformed the stupa with gold leaf and jewels making it a pilgrimage hub and a symbol of Burmese identity. Nightly worshippers circle the glowing monument in veneration.
92,Wat Arun,Thailand,Bangkok,Asia,Temple,1847,13.7437,100.4880,https://images.unsplash.com/photo-1555993539-1732b0258235,,,Wat Arun called the Temple of Dawn stands majestically on the Thonburi west bank of the Chao Phraya River. Famous for its 70-meter central Khmer-style spire (prang) encrusted with colorful porcelain and seashells the temple shimmers in sunrise light. Originally dating to the Ayutthaya period its prominent present-day features emerged under King Rama II and Rama III. Beyond the central prang the temple complex includes ornate pavilions statues and four smaller satellite prangs all embodying Thai Buddhist architectural artistry. Wat Arun remains a revered religious site and one of Bangkok's most recognizable landmarks.
95,Gyeongbokgung Palace,South Korea,Seoul,Asia,Palace,1395,37.5760,126.9770,https://images.unsplash.com/photo-1555993539-1732b0258235,,,Gyeongbokgung meaning palace greatly blessed by Heaven was constructed in 1395 as the main royal palace of the Joseon Dynasty by Yi Seong-gye (King Taejo) founder of the dynasty. Surrounded by Mount Bugaksan and centrally located in Seoul it became the political and cultural heart of Korea. The palace covers a vast area with over 500 buildings spread across 40 hectares at its peak showcasing classical Joseon architecture and gardens. Notable features include the iconic Gwanghwamun Gate Gyeonghoeru Pavilion and Hyangwonjeong Pavilion. Severely damaged during the Imjin War and left in ruins for centuries it was extensively restored in the late 19th century and again in modern times. Today Gyeongbokgung houses the National Palace Museum and National Folk Museum remaining a symbol of Korea's rich heritage.
97,Arashiyama Bamboo Grove,Japan,Kyoto,Asia,Forest,794-1185,35.0175,135.6776,https://images.unsplash.com/photo-1555993539-1732b0258235,,,The Arashiyama Bamboo Grove also known as the Sagano Bamboo Forest is a 400–500 meter walking path lined with towering green bamboo stalks reaching up to 20 meters high. Located in the northwestern outskirts of Kyoto along the Katsura River near the Togetsukyo Bridge the grove offers a tranquil almost otherworldly experience. Its origins are rooted in the Heian period when Kyoto was Japan's imperial capital and Arashiyama served as a retreat for nobility who cultivated bamboo and gardens for refined enjoyment. The rustling of the bamboo and the play of sunlight through the tall stalks create a serene meditative atmosphere. Today the grove is a celebrated symbol of Kyoto and Japanese aesthetics cherished for both its natural beauty and cultural heritage.
98,Lotus Temple,India,New Delhi,Asia,Temple,1986,28.5535,77.2588,https://images.unsplash.com/photo-1555993539-1732b0258235,,,The Lotus Temple is a Baháʼí House of Worship renowned for its distinctive flowerlike design composed of 27 free-standing marble-clad petal structures arranged in clusters to resemble a lotus blossom. Situated in South Delhi it stands out as a major landmark and architectural marvel. The temple is open to all regardless of religion reflecting the Baháʼí principle of unity. It offers a tranquil environment for meditation and prayer inviting millions of visitors each year with its serene pools and carefully landscaped gardens.
100,Taipei 101,Taiwan,Taipei,Asia,Skyscraper,2004,25.0339,121.5645,https://images.unsplash.com/photo-1555993539-1732b0258235,,,Taipei 101 is a supertall skyscraper located in the Xinyi District of Taipei. Once the tallest building in the world it rises 508 meters with 101 above-ground floors. Its design inspired by a bamboo stalk merges traditional Asian symbolism with cutting-edge technology including an immense tuned mass damper to withstand earthquakes and typhoons. Taipei 101 serves as a symbol of Taiwan's modernity and hosts office spaces a major mall and an observatory with sweeping city views.
102,Sigiriya,Sri Lanka,Central Province,Asia,Rock Fortress,477-495 CE,7.9570,80.7603,https://images.unsplash.com/photo-1555993539-1732b0258235,,,Sigiriya also called Lion Rock is an ancient rock fortress rising almost 200 meters above the jungle plains of Sri Lanka's Central Province. Built by King Kashyapa the site consists of a palace perched on top of a dramatic granite column with elaborate water gardens moats and frescoes at its base. The entrance was originally designed to resemble a lion with massive paws still flanking the stairway. Sigiriya is a UNESCO World Heritage Site renowned for its blend of natural grandeur and ancient urban planning.
103,Ellora Caves,India,Maharashtra,Asia,Cave Temples,600-1000 CE,20.0268,75.1794,https://images.unsplash.com/photo-1555993539-1732b0258235,,,The Ellora Caves comprise a monumental complex of 34 rock-cut structures—Buddhist Hindu and Jain temples and monasteries—carved directly into basalt cliffs. Best known is the colossal Kailasa Temple (Cave 16) a standalone structure painstakingly hewn from a single rock. Ellora exemplifies the artistic excellence and religious pluralism of ancient India functioning as a significant pilgrimage site over centuries. The site is a UNESCO World Heritage Site recognized for its architectural innovation and intricate sculptures.
104,Ajanta Caves,India,Maharashtra,Asia,Cave Monuments,2nd century BCE-480 CE,20.5520,75.7033,https://images.unsplash.com/photo-1555993539-1732b0258235,,,The Ajanta Caves are a set of 30 Buddhist rock-cut monuments arching along a horseshoe-shaped cliff overlooking the Waghora River. Famous for their exquisite murals and frescoes depicting Jataka tales and Buddhist iconography the caves were used as monasteries and prayer halls by Buddhist monks over several centuries. The complex is one of India's earliest world heritage sites admired for its vivid art architectural harmony and historical significance as a cradle of Buddhist culture.
105,Mehrangarh Fort,India,Jodhpur,Asia,Fort,1459,26.297339,73.019085,https://images.unsplash.com/photo-1555993539-1732b0258235,,,Mehrangarh Fort is one of India's most imposing and best-preserved hill forts perched 122 meters above the plains of Jodhpur and spanning a massive 1200 acres. The fort's colossal walls soar to a height of 36 meters and are up to 20 meters wide. Built by Rao Jodha to move his capital to a more defensible location Mehrangarh houses intricate palaces expansive courtyards and a well-regarded museum. Its seven gates include Jai Pol and Fattehpol which commemorate major victories. The fort still displays visible battle scars such as cannonball imprints on its gates and today hosts major festivals like the World Sacred Spirit Festival. Notably Rudyard Kipling described it as a palace that might have been built by Titans and colored by the morning sun.
106,Amber Fort,India,Jaipur,Asia,Fort,1592,26.9855,75.8507,https://images.unsplash.com/photo-1555993539-1732b0258235,,,Amber Fort situated 11 km northeast of Jaipur above Maota Lake is famed for its artistic blend of Hindu and Mughal architecture. Built primarily from pale yellow and pink sandstone as well as white marble the fort boasts ornate gates massive ramparts and grand courtyards such as the pillared Diwan-i-Am (Hall of Public Audience) and the dazzling Sheesh Mahal (Mirror Palace). Amber served as the stronghold of the Kachhwaha Rajputs until Jaipur was built. With its scenic surroundings and elaborate interiors Amber is a major UNESCO World Heritage Site as part of the Hill Forts of Rajasthan.
107,Jaisalmer Fort,India,Jaisalmer,Asia,Fort,1156,26.9124,70.9125,https://images.unsplash.com/photo-1555993539-1732b0258235,,,Dominating the arid Thar Desert landscape Jaisalmer Fort rises dramatically atop Trikuta Hill and is sometimes called the Golden Fort due to its yellow sandstone walls that glow in sunlight. It remains a living fort home to thousands with winding lanes Jain temples majestic havelis (mansions) and bustling markets within its massive ramparts. This UNESCO World Heritage Site showcases remarkable Rajput military architecture and has continuously been inhabited since its founding.
108,Humayun's Tomb,India,New Delhi,Asia,Tomb,1569-70,28.5933,77.2507,https://images.unsplash.com/photo-1555993539-1732b0258235,,,As the first garden-tomb on the Indian subcontinent Humayun's Tomb exemplifies Mughal innovations combining Persian double-domed structures intricate tilework and geometric gardens. Its red sandstone and white marble edifice influenced later Mughal monuments including the Taj Mahal. Set within a lush charbagh (four-quadrant garden) the tomb complex houses the graves of Humayun and other Mughal royalty. Recognized as a UNESCO World Heritage Site it stands as an architectural milestone in India's history.
109,Qutub Minar,India,New Delhi,Asia,Tower,1192,28.5244,77.1855,https://images.unsplash.com/photo-1555993539-1732b0258235,,,Qutub Minar is the world's tallest brick minaret at 73 meters. This UNESCO World Heritage Site was built to celebrate Muslim dominance after the defeat of Delhi's last Hindu kingdom. Made of red sandstone and marble its intricately carved balconies and inscriptions showcase Indo-Islamic architecture. The complex also includes the ancient Quwwat-ul-Islam Mosque and the Iron Pillar of Delhi.
110,Meenakshi Temple,India,Madurai,Asia,Temple,6th century BCE,9.9195,78.1192,https://images.unsplash.com/photo-1555993539-1732b0258235,,,The Meenakshi Amman Temple devoted to goddess Meenakshi and Sundareswarar (Shiva) is a sprawling Dravidian temple complex famed for its 14 colorful Gopurams (gateway towers) adorned with thousands of elaborate sculptures. The temple encompasses shrines pillared halls tanks and corridors stretching over 14 acres. It is a major center of pilgrimage and cultural events vital to Tamil identity and religious traditions.
111,Golden Temple,India,Amritsar,Asia,Temple,1581-1604,31.6200,74.8765,https://images.unsplash.com/photo-1555993539-1732b0258235,,,The Golden Temple or Harmandir Sahib is the holiest shrine of Sikhism located in the city of Amritsar Punjab. Surrounded by the sacred Amrit Sarovar pool the temple's dazzling gold-covered sanctum and intricate marble work blend Mughal and Hindu architectural elements. Built under Guru Arjan the fifth Sikh Guru and later embellished by Maharaja Ranjit Singh the temple welcomes all visitors irrespective of faith or background. Its four entrances symbolize openness and its central location conveys humility and inclusivity. The complex includes the world's largest free kitchen feeding tens of thousands of people daily.
112,Khajuraho Temples,India,Madhya Pradesh,Asia,Temples,950-1050 CE,24.8516,79.9366,https://images.unsplash.com/photo-1555993539-1732b0258235,,,The Khajuraho Group of Monuments consists of 20 remaining temples renowned worldwide for their detailed nagara-style architecture and remarkable erotic sculptures celebrating a blend of spiritual and sensual expression rare in temple complexes. The site originally housed over 85 temples dedicated to Hinduism and Jainism. Now part of the UNESCO World Heritage list Khajuraho's stone carvings geometric designs and mythological tales testify to the artistic zenith of the Chandela dynasty.
113,Todai-ji,Japan,Nara,Asia,Temple,752 CE,34.6889,135.8399,https://images.unsplash.com/photo-1555993539-1732b0258235,,,Todai-ji is one of Japan's most significant Buddhist temples renowned for housing the world's largest bronze statue of the Vairocana Buddha (Daibutsu) over 15 meters tall. Its Daibutsuden (Great Buddha Hall) was the world's largest wooden structure for centuries. The temple complex includes ancient gates halls and a deer-filled park. Todai-ji is a UNESCO World Heritage site representing the fusion of religious political and artistic developments central to Japanese culture.
114,Kinkaku-ji,Japan,Kyoto,Asia,Temple,1397,35.0394,135.7292,https://images.unsplash.com/photo-1555993539-1732b0258235,,,Kinkaku-ji officially known as Rokuon-ji is a Zen Buddhist temple in northern Kyoto renowned for its iconic Golden Pavilion. The structure is a stunning three-story building with the top two floors completely covered in gold leaf set beside a tranquil reflecting pond within beautiful classical gardens. Originally built as a retirement villa for the shogun Ashikaga Yoshimitsu it became a temple upon his death. The current pavilion was rebuilt in 1955 after a fire destroyed the original in 1950. Kinkaku-ji's elegant architecture symbolizes the harmony between heaven and earth and epitomizes Muromachi period garden design.
115,Sensō-ji,Japan,Tokyo,Asia,Temple,645,35.7148,139.7967,https://images.unsplash.com/photo-1555993539-1732b0258235,,,Sensō-ji is Tokyo's oldest and most revered Buddhist temple located in the Asakusa district. Believed to have been founded in 645 after fishermen discovered a statue of the Bodhisattva Kannon it has remained a center of spiritual and cultural life for centuries. The temple complex features the iconic Kaminarimon (Thunder Gate) a five-story pagoda and a bustling market street (Nakamise-dori) leading to the main hall. Despite being destroyed in World War II the site was rebuilt with community support and now serves as a symbol of resilience and tradition in Tokyo.
116,Kiyomizu-dera,Japan,Kyoto,Asia,Temple,778,34.9948,135.7850,https://images.unsplash.com/photo-1555993539-1732b0258235,,,Kiyomizu-dera founded in 778 is a celebrated Buddhist temple in eastern Kyoto and part of the Historic Monuments of Ancient Kyoto UNESCO listing. The temple is renowned for its vast wooden stage which juts out from the main hall and offers sweeping city views supported by hundreds of wooden pillars without a single nail. The temple complex rebuilt in 1633 is named after the autobiographical Otowa Waterfall (pure water) flowing beneath believed to bestow blessings. Kiyomizu-dera attracts millions for its architecture and cherry blossom and autumn foliage scenes.
120,Temple of Heaven,China,Beijing,Asia,Temple,1420,39.8822,116.4065,https://images.unsplash.com/photo-1555993539-1732b0258235,,,The Temple of Heaven is a vast religious complex built in 1420 during the Ming Dynasty by Emperor Yongle as a site for imperial ceremonies to ensure good harvests. Located in southern Beijing it covers 2.73 square kilometers and includes the iconic Hall of Prayer for Good Harvests the Circular Mound Altar and the Imperial Vault of Heaven all linked by ceremonial walkways. The complex reflects cosmic symbolism and intricate Ming architecture recognized for its harmonious design. The Temple is a UNESCO World Heritage site and an enduring symbol of China's spiritual and artistic achievements.
121,Summer Palace,China,Beijing,Asia,Palace,1750,39.9997,116.2755,https://images.unsplash.com/photo-1555993539-1732b0258235,,,The Summer Palace is a vast ensemble of palaces gardens and lakes in northwest Beijing best known as the imperial family's retreat during the Qing Dynasty. Initially built in 1750 for Emperor Qianlong the palace was largely destroyed by Anglo-French forces in 1860 and rebuilt in 1886 by Empress Dowager Cixi. Highlights include the expansive Kunming Lake the Long Corridor (a richly decorated covered walkway) and the striking Marble Boat. The Summer Palace combines traditional Chinese architecture with landscape gardening and is a UNESCO World Heritage site admired for its aesthetic and historical value.
29,Empire State Building,USA,New York,North America,Skyscraper,1930-1931,40.74833,-73.98556,https://images.unsplash.com/photo-1555993539-1732b0258235,,,The Empire State Building is a 102-story Art Deco skyscraper located in Midtown South Manhattan. Designed by Shreve Lamb & Harmon it was completed in a remarkable timeframe—just one year and 45 days during the Great Depression. Upon its opening in 1931 it became the world's tallest building holding this title for over four decades. The building reaches a total height of 1454 feet including its antenna and remains one of New York's most iconic landmarks renowned for its striking design and historic significance in American architecture.
30,Hollywood Sign,USA,Los Angeles,North America,Sign,1923,34.1341,-118.3215,https://images.unsplash.com/photo-1555993539-1732b0258235,,,The Hollywood Sign perched on Mount Lee in the Santa Monica Mountains is a global symbol of the entertainment industry and American cinema. Originally erected in 1923 as HOLLYWOODLAND to promote a real estate development it consisted of 13 letters each 15 meters high. Over the decades the sign fell into disrepair and was restored in 1978 shortened to simply HOLLYWOOD. The sign is now recognized as an iconic cultural landmark and is protected both for its historical significance and enduring popularity in popular culture.
32,Space Needle,USA,Seattle,North America,Tower,1962,47.6205,-122.3493,https://images.unsplash.com/photo-1555993539-1732b0258235,,,The Space Needle is an instantly recognizable observation tower in Seattle built for the 1962 World's Fair which had a theme of The Age of Space. Standing 184 meters tall the tower features a futuristic design with a slender splayed tripod base and a flying saucer-shaped halo at the top offering panoramic views of the city Puget Sound and Mount Rainier. An elevator ride to the observation deck which includes the world's first and only rotating glass floor has made the Space Needle a leading Pacific Northwest attraction and symbol of Seattle innovation and optimism.
33,Times Square,USA,New York,North America,Commercial Intersection,1904,40.758896,-73.985130,https://images.unsplash.com/photo-1555993539-1732b0258235,,,Times Square is a major commercial intersection tourist destination entertainment center and neighborhood in Midtown Manhattan. Shaped more like a bowtie than a square due to the intersection of Broadway and Seventh Avenue it is world-renowned for its electric billboards theaters and as the home of the New Year's Eve Ball Drop. Often called The Crossroads of the World Times Square draws hundreds of thousands of visitors daily to its vibrant lights famous Broadway theaters and bustling pedestrian plazas.
123,CN Tower,Canada,Toronto,North America,Tower,1973-1976,43.6426,-79.3871,https://images.unsplash.com/photo-1555993539-1732b0258235,,,The CN Tower is a communications and observation tower in downtown Toronto completed in 1976. Rising to a height of 553.3 meters it became the world's tallest free-standing structure and world's tallest tower at the time. The CN Tower is recognized as one of the modern Seven Wonders of the World by the American Society of Civil Engineers. It features a revolving restaurant glass floor observation deck and EdgeWalk an outdoor walk around the main pod. The tower serves as a symbol of Canada a major tourist attraction and an essential broadcast hub.
124,White House,USA,Washington D.C.,North America,Government Building,1792-1800,38.897676,-77.036530,https://images.unsplash.com/photo-1555993539-1732b0258235,,,The White House situated at 1600 Pennsylvania Avenue NW Washington D.C. is the official residence and workplace of the President of the United States. Designed by architect James Hoban in the neoclassical style it consists of the Executive Residence West Wing East Wing and surrounding gardens. As both a historic structure and a seat of executive power it is among the most recognized government buildings globally and the frequent site of national ceremonies and state functions.
125,Lincoln Memorial,USA,Washington D.C.,North America,Monument,1914-1922,38.889269,-77.050176,https://images.unsplash.com/photo-1555993539-1732b0258235,,,Located at the western end of the National Mall the Lincoln Memorial honors Abraham Lincoln the 16th President of the United States. Architect Henry Bacon designed the monument in the form of a classical Greek temple featuring 36 Doric columns. Inside sits Daniel Chester French's colossal marble statue of Lincoln accompanied by inscriptions of two of his speeches. The memorial is a symbol of unity and civil rights hosting numerous historic gatherings including Dr. Martin Luther King Jr.'s I Have a Dream speech.
126,Washington Monument,USA,Washington D.C.,North America,Monument,1848-1884,38.889484,-77.035278,https://images.unsplash.com/photo-1555993539-1732b0258235,,,The Washington Monument is a towering white marble obelisk located at the center of the National Mall commemorating George Washington the first U.S. president. Standing at 555 feet it was the world's tallest structure upon completion. The monument's observation deck provides panoramic views of the city while its simple design reflects the dignity and leadership of Washington himself making it an enduring icon of American history and achievement.
127,Capitol Building,USA,Washington D.C.,North America,Government Building,1793-1866,38.889939,-77.009051,https://images.unsplash.com/photo-1555993539-1732b0258235,,,The United States Capitol sits atop Capitol Hill at the eastern end of the National Mall. Designed by Dr. William Thornton the neoclassical structure houses the U.S. Congress. Its central dome and two wings—Senate and House of Representatives—make it one of the most distinctive legislative buildings worldwide. The Capitol is both a functional government center and a symbol of the United States' democratic ideals and legislative process.
128,Gateway Arch,USA,St. Louis,North America,Monument,1963-1965,38.624691,-90.184776,https://images.unsplash.com/photo-1555993539-1732b0258235,,,The Gateway Arch standing 630 feet tall on the west bank of the Mississippi River is the world's tallest arch and the tallest man-made monument in the Western Hemisphere. Designed by Eero Saarinen its stainless steel structure honors St. Louis's role as the Gateway to the West. Visitors can travel to the top via custom tram for sweeping views of the city and river. The Arch serves as the centerpiece of Gateway Arch National Park and is a landmark of modern engineering.
129,Hoover Dam,USA,Nevada/Arizona,North America,Dam,1931-1936,36.015519,-114.737686,https://images.unsplash.com/photo-1555993539-1732b0258235,,,The Hoover Dam bridging the border between Nevada and Arizona is a massive concrete arch-gravity dam in the Black Canyon of the Colorado River. Built during the Great Depression it tamed the river to provide dependable water and electrical power to the Southwest. The dam stands 726 feet high and forms Lake Mead the largest reservoir in the U.S. by volume. Hoover Dam remains an engineering marvel and a critical resource for agriculture water supply and renewable energy in the region.
139,Peggy's Cove Lighthouse,Canada,Nova Scotia,North America,Lighthouse,1915,44.4917,-63.9158,https://images.unsplash.com/photo-1555993539-1732b0258235,,,The Peggy's Cove Lighthouse officially known as Peggys Point Lighthouse stands on the granite rocks at Peggy's Cove in Nova Scotia Canada. Built in 1915 the lighthouse is an octagonal concrete tower painted white with a red lantern on top rising to a height of about 15 meters. It marks the eastern entrance of St. Margarets Bay and is one of the most photographed and recognizable structures in Canada. The lighthouse and its rugged Atlantic coastline setting create a picturesque landscape attracting thousands of visitors annually.
140,Teotihuacan,Mexico,Mexico City,North America,Archaeological Site,100 BCE-250 CE,19.6925,-98.8436,https://images.unsplash.com/photo-1555993539-1732b0258235,,,Teotihuacan is an ancient Mesoamerican city situated about 40 km northeast of Mexico City renowned for its massive pyramids and complex urban layout. Created between the 1st century BCE and the 3rd century CE at its peak it was among the largest cities in the world with a population over 100000. Its major monuments include the Pyramid of the Sun Pyramid of the Moon and the Temple of the Feathered Serpent (Quetzalcoatl). Teotihuacan's grand Avenue of the Dead links these monuments surrounded by residential compounds murals and plazas that offer crucial insight into pre-Aztec urban culture and religion.
141,Tulum,Mexico,Quintana Roo,North America,Archaeological Site,1200-1450 CE,20.2117,-87.4658,https://images.unsplash.com/photo-1555993539-1732b0258235,,,Tulum is a walled Maya city perched on tall cliffs overlooking the Caribbean Sea on Mexico's Yucatán Peninsula. Flourishing primarily from the 13th to 15th centuries CE it was one of the last cities built and inhabited by the Maya. Its most iconic structure El Castillo stands atop the bluff offering commanding views of the turquoise sea below. Tulum served as a major trading port particularly for obsidian. Unlike many inland Maya sites its unique coastal position adds archaeological and scenic allure attracting scholars and tourists alike.
142,Palenque,Mexico,Chiapas,North America,Archaeological Site,226 BCE-799 CE,17.4848,-92.0453,https://images.unsplash.com/photo-1555993539-1732b0258235,,,Palenque is one of the most significant ancient Maya cities situated in the jungle foothills of Chiapas Mexico. Celebrated for its finely sculptured architecture and bas-reliefs its classic period artifacts (flourishing in the 7th century CE) include the Temple of the Inscriptions which houses the tomb of the great ruler Pakal. Palenque's ruins featuring palaces temples and an iconic aqueduct harmonize with the tropical forest setting providing invaluable insight into Maya cosmology and governance.
143,Monte Albán,Mexico,Oaxaca,North America,Archaeological Site,500 BCE,17.04389,-96.76778,https://images.unsplash.com/photo-1555993539-1732b0258235,,,Monte Albán is a major pre-Columbian archaeological site located atop a ridge in the Valley of Oaxaca southern Mexico. Established around 500 BCE by the Zapotec civilization it served as their capital for over a millennium flourishing as a center for governance culture and religion. The expansive site—rising approximately 400 meters above the surrounding plain—features grand plazas pyramids temples tombs ball courts and hundreds of artificial terraces spread along the ridge. Monte Albán is especially noted for the danzantes: carved stone slabs with human figures and hieroglyphs reflecting the city's artistic and sociopolitical sophistication. The ceremonial core organized along a north-south axis is among Mesoamerica's most impressive symbolizing the region's exceptional urban planning and sacred topography. Although its population declined by the 8th century CE its influence endured among later cultures including the Mixtecs and Aztecs.
145,Havana Old Town,Cuba,Havana,North America,Historic District,1519,23.1400,-82.3530,https://images.unsplash.com/photo-1555993539-1732b0258235,,,Habana Vieja or Havana Old Town is the original core of the city of Havana Cuba founded by the Spanish in 1519. This UNESCO World Heritage site showcases an exceptional collection of Spanish colonial architecture cobbled streets and grand plazas such as Plaza de Armas and Plaza Vieja. Landmarks include the Castillo de la Real Fuerza Havana Cathedral and numerous pastel-colored mansions. Despite centuries of history the area remains vibrant filled with music art and everyday life. Old Havana is a living testament to Cuba's colonial history blending Baroque Neoclassical and Art Deco styles with Caribbean flair. Restoration efforts have revitalized much of the area making it a major cultural and tourist hub.
146,El Morro,Puerto Rico,San Juan,North America,Fortress,1539,18.4711,-66.1248,https://images.unsplash.com/photo-1555993539-1732b0258235,,,Castillo San Felipe del Morro commonly known as El Morro is a formidable citadel at the entrance of San Juan Bay Puerto Rico. Constructed starting in 1539 by Spanish colonists the fort was expanded for over 250 years to protect against seaborne attacks. With six massive levels rising above the rocky headland El Morro features thick stone walls ramparts turrets and dungeons. The site offers sweeping views of the Atlantic Ocean and old San Juan. A UNESCO World Heritage Site El Morro reflects centuries of military engineering colonial rivalry and Puerto Rico's strategic Caribbean location. Today it is a symbol of Puerto Rican heritage and a popular historic attraction.
149,Tikal,Guatemala,El Petén,North America,Archaeological Site,400 BCE,17.2214,-89.6237,https://images.unsplash.com/photo-1555993539-1732b0258235,,,Tikal is a towering ancient Maya city situated amid the tropical rainforest of northern Guatemala's El Petén region. Settled as early as the 4th century BCE Tikal became one of the largest Maya urban and ceremonial centers during the Classic Period (c. 200–900 CE). The site is dominated by monumental pyramid-temples rising above the jungle canopy extensive plazas ball courts stelae and royal tombs. Tikal's monumental core reflects a highly complex society renowned for its written texts astronomical observations and political prowess. Now a UNESCO World Heritage Site Tikal's ruins offer crucial insights into Maya civilization and are enveloped in a lush wildlife-rich biosphere reserve.
153,Mayan Ruins of Copán,Honduras,Copán,North America,Archaeological Site,426-820 AD,14.8401,-89.1421,https://images.unsplash.com/photo-1555993539-1732b0258235,,,Located in western Honduras near the Guatemalan border the ruins of Copán were once the capital of a major Classic period Maya kingdom. The site is famous for its impressive hieroglyphic stairway intricate stelae altars beautiful plazas ball courts and the iconic Acropolis. The city flourished as a cultural and ceremonial center renowned for its advanced knowledge of astronomy mathematics and monumental sculpture. Copán's meticulously carved monuments and inscriptions have provided profound insights into the history and rulers of the ancient Maya civilization.
171,Chichén Itzá,Mexico,Yucatán,North America,Archaeological Site,600-1200 CE,20.6843,-88.5678,https://images.unsplash.com/photo-1555993539-1732b0258235,,,Chichén Itzá is a sprawling complex of Maya ruins in Yucatán Mexico acclaimed for its monumental architecture and astronomical alignments. The site's best-known feature is the Temple of Kukulcán (El Castillo) a step pyramid with 91 steps on each side culminating in a final step to the temple totaling 365 steps—the number of days in a solar year. The site also includes the Great Ball Court Temple of the Warriors and the Sacred Cenote reflecting a blend of Maya and Toltec influence. It remains a testament to the advanced engineering and astronomical sophistication of its builders.
185,Buenos Aires Obelisk,Argentina,Buenos Aires,South America,Monument,1936,-34.6031,-58.3817,https://images.unsplash.com/photo-1555993539-1732b0258235,,,The Obelisk of Buenos Aires is a defining Modernist monument rising 67.5 meters at the intersection of Avenida 9 de Julio and Avenida Corrientes marking the city's historic founding and commemorating 400 years since its first foundation. Designed by architect Alberto Prebisch the white stone monument has become a symbol of Buenos Aires serving as the backdrop for political rallies celebrations and public gatherings. Its stark form and prominent location make it instantly recognizable and a central reference point in the Argentine capital's urban landscape.
188,Chan Chan,Peru,Trujillo,South America,Archaeological Site,850 CE,-8.1047,-79.0650,https://images.unsplash.com/photo-1555993539-1732b0258235,,,Chan Chan is the largest pre-Columbian city in South America and the capital of the ancient Chimú civilization. Constructed entirely of adobe brick this vast archaeological complex once sprawled over 20 square kilometers just west of present-day Trujillo on the northern Peruvian coast. At its peak the city is believed to have housed as many as 60000 inhabitants. Chan Chan features monumental walls adorned with intricate geometric and animal friezes sprawling ceremonial plazas reservoirs administrative centers and royal compounds. Recognized as a UNESCO World Heritage Site Chan Chan remains a stunning testament to the Chimú's architectural ingenuity and mastery of urban planning in an arid environment.
44,Sphinx,Egypt,Giza,Africa,Monument,2558-2532 BCE,29.9753,31.1376,https://images.unsplash.com/photo-1555993539-1732b0258235,,,The Great Sphinx of Giza carved directly from the limestone bedrock is one of the world's largest and oldest monumental statues. Measuring 73 meters long and 20 meters high this enigmatic creature with a lion's body and a human head (believed to represent Pharaoh Khafre) guards the Giza Plateau near Cairo. Revered as a symbol of ancient Egypt's ingenuity and power the Sphinx continues to captivate with its mysterious gaze and enduring legends.
205,Abu Simbel,Egypt,Aswan,Africa,Temple,13th century BCE,22.34,31.62,https://images.unsplash.com/photo-1555993539-1732b0258235,,,Abu Simbel is a monumental archaeological site in southern Egypt comprising two massive rock-cut temples originally built by Pharaoh Ramses II in the 13th century BCE. Carved out of sandstone cliffs along the Nile's west bank the Great Temple honors Ramses II himself while the smaller temple is dedicated to Queen Nefertari and the goddess Hathor. The façade of the main temple is dominated by four colossal statues of Ramses II each over 20 meters high. In the 1960s both temples were relocated to higher ground to prevent submersion by Lake Nasser following the construction of the Aswan High Dam. Today Abu Simbel stands as a magnificent testament to ancient Egyptian engineering religious devotion and artistry.
207,Karnak Temple,Egypt,Luxor,Africa,Temple,2000 BCE,25.72,32.66,https://images.unsplash.com/photo-1555993539-1732b0258235,,,Karnak Temple situated near Luxor in southern Egypt is the largest ancient religious complex ever constructed. Developed over nearly two millennia—from the Middle Kingdom around 2000 BCE through the Greco-Roman period—the complex is primarily dedicated to the Theban triad: Amun Mut and Khonsu. Its vast precinct covers over 100 hectares and features towering pylons monumental columns obelisks and intricate reliefs. The hypostyle hall with its 134 massive columns is one of Egypt's most awe-inspiring architectural achievements. Karnak was not just a place of worship but a central stage for political and religious festivals symbolizing the wealth and power of the pharaohs across generations.
208,Luxor Temple,Egypt,Luxor,Africa,Temple,1400 BCE,25.6996,32.6396,https://images.unsplash.com/photo-1555993539-1732b0258235,,,The Luxor Temple is an ancient Egyptian temple complex located on the east bank of the Nile River in the modern city of Luxor (ancient Thebes). Built around 1400 BCE it was primarily constructed by Pharaoh Amenhotep III and expanded by subsequent rulers including Ramses II. Unlike other temples Luxor was not dedicated to a cult god or deified ruler but was instead the focus of the annual Opet Festival celebrating the rejuvenation of kingship. The structure is renowned for its grand colonnades massive pylons statues and its avenue of sphinxes that once connected it to the Temple of Karnak. The site remains one of Egypt's most iconic relics of ancient architecture and religious life.
209,Marrakech Medina,Morocco,Marrakech,Africa,Medina,1070,31.63139,-7.98667,https://images.unsplash.com/photo-1555993539-1732b0258235,,,The Marrakech Medina forms the heart of the historic city of Marrakech and is among the best-preserved examples of medieval Islamic urban planning in North Africa. Founded around 1070 by the Almoravid dynasty the medina is a labyrinth of winding alleys bustling souks and vibrant squares centered around landmarks like the Koutoubia Mosque and Jemaa el-Fna. The famed red sandstone city walls completed in the early 12th century have given Marrakech its nickname the Red City. Famed for its unique blend of Berber Arab and Andalusian architectural influences the medina includes palaces gardens madrasas and historic mosques. It was inscribed as a UNESCO World Heritage Site in 1985 for its outstanding testimony to Moroccan culture and its place as a crossroads for trade religion and art across centuries.
211,Chefchaouen,Morocco,Chefchaouen,Africa,City,1471,35.1688,-5.2637,https://images.unsplash.com/photo-1555993539-1732b0258235,,,Chefchaouen is famed for its distinctive blue-washed buildings and tranquil mountainous setting in northern Morocco. The city was founded in 1471 as a small fortress to fend off Portuguese invasions of northern Morocco. Throughout history it has served as a refuge for Jews and Muslims fleeing the Reconquista in Spain reflected in its architecture and culture. Winding blue-hued streets white-washed walls and the backdrop of the Rif Mountains have made Chefchaouen one of the country's most picturesque towns drawing visitors for its unique atmosphere and historic medina.
212,Djemaa el-Fna,Morocco,Marrakech,Africa,Square,11th century,31.62583,-7.98944,https://images.unsplash.com/photo-1555993539-1732b0258235,,,Djemaa el-Fna is the iconic public square at the heart of Marrakech's medina continually serving as a vibrant hub for local life since its origins in the 11th century. This open plaza is famous for its daily and nightly performances including storytellers musicians snake charmers and food vendors creating a living cultural showcase. Its unique atmosphere and social significance have contributed to Djemaa el-Fna being recognized not only as an integral part of the Medina UNESCO site but also celebrated by UNESCO as a Masterpiece of the Oral and Intangible Heritage of Humanity.
217,Lalibela,Ethiopia,Amhara Region,Africa,Rock-hewn Churches,12th-13th centuries,12.0300,39.0472,https://images.unsplash.com/photo-1555993539-1732b0258235,,,Lalibela is a UNESCO World Heritage site in Ethiopia's Amhara Region renowned for its monolithic rock-hewn churches constructed in the late 12th and early 13th centuries under the reign of King Lalibela. These eleven medieval churches carved entirely out of volcanic rock are masterpieces of engineering and devotion frequently set in deep trenches or connected by underground passages. Lalibela remains a major pilgrimage site for Ethiopian Orthodox Christians representing one of the most significant religious and cultural complexes in Africa admired for both its architectural ingenuity and spiritual heritage.
227,Sydney Harbour Bridge,Australia,Sydney,Oceania,Bridge,1932,-33.8523,151.2108,https://images.unsplash.com/photo-1555993539-1732b0258235,,,The Sydney Harbour Bridge completed in 1932 is a steel through arch bridge known as The Coathanger. Spanning 503 meters it connects the Sydney central business district with the North Shore forming an integral part of the city's skyline alongside the nearby Opera House. The bridge carries vehicles trains and pedestrians and is famous for its scenic BridgeClimb experience offering panoramic views of the harbour. It remains a symbol of Australian engineering and ambition.
230,Hobbiton,New Zealand,Matamata,Oceania,Movie Set,1999-2011,-37.8722,175.6823,https://images.unsplash.com/photo-1555993539-1732b0258235,,,Hobbiton is a permanently maintained movie set located on a working farm near Matamata crafted for Peter Jackson's acclaimed film adaptations of J.R.R. Tolkien's works. The site features picturesque rolling hills lush pastures and iconic Hobbit holes notably Bilbo and Frodo Baggins' Bag End. Since opening to the public Hobbiton has become one of New Zealand's top tourism destinations offering guided tours into the heart of Middle-earth's cinematic magic.
238,Batu Caves,Malaysia,Selangor,Oceania,Cave Temple,1891,3.2375,101.6839,https://images.unsplash.com/photo-1555993539-1732b0258235,,,Batu Caves is a striking 325-meter limestone hill complex featuring a network of caves and cave temples in Gombak about 13 km north of Kuala Lumpur. Famed for its vibrant Thaipusam festival the site features Malaysia's most prominent Hindu shrine dedicated to Lord Murugan fronted by a 43-meter-tall golden statue. The caves serve religious natural and cultural roles drawing pilgrims tourists and nature enthusiasts to their awe-inspiring interior and colorful temple steps.
18,Burj Khalifa,UAE,Dubai,Middle East,Skyscraper,2004-2010,25.1972,55.2744,https://images.unsplash.com/photo-1555993539-1732b0258235,,,The Burj Khalifa is the tallest building in the world reaching a height of 828 meters including its spire. Located in downtown Dubai it was officially opened in January 2010. The structure was designed by Adrian Smith of Skidmore Owings & Merrill and features a blend of commercial residential and hotel uses. Its design draws inspiration from Islamic architecture and its observation decks offer panoramic views of Dubai and the surrounding desert. The Burj Khalifa represents a feat of modern engineering and urban ambition.
244,Western Wall,Israel,Jerusalem,Middle East,Religious Site,19 BCE,31.7768,35.2345,https://images.unsplash.com/photo-1555993539-1732b0258235,,,The Western Wall sometimes called the Wailing Wall is a surviving remnant of the ancient wall that surrounded the Second Jewish Temple's courtyard on the Temple Mount. Constructed by Herod the Great as part of a monumental expansion of the Second Temple beginning around 19 BCE the limestone wall stretches about 488 meters though only about 60 meters are visible today. It stands as a revered site of prayer and pilgrimage for Jews from across the world and has also become an iconic symbol in the wider Abrahamic religious tradition. The plaza before the wall is a focal point of Jewish religious life attracting millions of visitors wishing to recite prayers and insert written notes into the wall's crevices.
245,Church of the Holy Sepulchre,Israel,Jerusalem,Middle East,Church,326-335 CE,31.7786,35.2297,https://images.unsplash.com/photo-1555993539-1732b0258235,,,The Church of the Holy Sepulchre located in Jerusalem's Christian Quarter is considered by many as the holiest site in Christianity. Built under the orders of Emperor Constantine the Great the complex is believed to contain both the site of the crucifixion (Golgotha) and the tomb where Jesus was buried and resurrected. Its architecture reveals the layered history of the site with Byzantine Crusader and subsequent structures. The church is a focal point for Christian pilgrimage managed by several Christian denominations and plays a central role in global religious and cultural history.
248,Jerash,Jordan,Jerash,Middle East,Archaeological Site,1st-3rd centuries CE,32.2767,35.8917,https://images.unsplash.com/photo-1555993539-1732b0258235,,,Jerash the ancient city known as Gerasa is among the best-preserved Greco-Roman cities in the Middle East. The site is renowned for its colonnaded streets grand temples (notably those dedicated to Zeus and Artemis) Hadrian's Arch agora theaters and expansive hippodrome. Having reached its peak during the Roman period Jerash offers visitors a vivid picture of city life in Roman Decapolis with sprawling ruins that testify to centuries of urban continuity and cultural interchange.
249,Palm Jumeirah,UAE,Dubai,Middle East,Artificial Island,2001-2006,25.1083,55.1333,https://images.unsplash.com/photo-1555993539-1732b0258235,,,Palm Jumeirah is an artificial archipelago in the shape of a palm tree constructed on reclaimed land in the Persian Gulf off the coast of Dubai. Developed by Nakheel the Palm quickly became an icon of modern engineering and luxury living. The project features a trunk 16 fronds and a crescent that serves as a breakwater encompassing luxury hotels beachfront villas upscale apartments and entertainment destinations. Its creation is a symbol of Dubai's ambition and rapid transformation into a global tourism and real estate hub.
250,Sheikh Zayed Grand Mosque,UAE,Abu Dhabi,Middle East,Mosque,1996-2007,24.4122,54.4747,https://images.unsplash.com/photo-1555993539-1732b0258235,,,The Sheikh Zayed Grand Mosque completed in 2007 is the largest mosque in the United Arab Emirates and a masterpiece of contemporary Islamic architecture. Designed to embody Islamic cultural heritage while celebrating innovative engineering the mosque features 82 domes over a thousand columns massive marble courtyards and one of the world's largest hand-knotted carpets. Its snow-white silhouette adorned in semi-precious stones gold and intricate mosaics welcomes worshippers and tourists alike fostering intercultural dialogue and serving as a national emblem of the UAE's vision for openness and cultural tolerance.
251,Burj Al Arab,UAE,Dubai,Middle East,Hotel,1994-1999,25.1413,55.1853,https://images.unsplash.com/photo-1555993539-1732b0258235,,,The Burj Al Arab is one of the world's most recognizable hotels built on an artificial island 280 meters off the Dubai coastline. Designed by architect Tom Wright of Atkins the sail-shaped structure rises to 321 meters making it one of the tallest hotels globally. The building's striking form luxurious suites and seven-star reputation have made it a symbol of modern Dubai's ambitions and opulence. Its interiors feature lavish materials such as gold leaf and Carrara marble and the hotel offers some of the most exclusive accommodations and dining experiences in the world.
252,Persepolis,Iran,Fars Province,Middle East,Archaeological Site,518 BCE,29.9353,52.8916,https://images.unsplash.com/photo-1555993539-1732b0258235,,,Persepolis once the ceremonial capital of the Achaemenid Empire was founded by Darius I around 518 BCE. Located in present-day Fars Province the ruins include grand staircases imposing columns audience halls (Apadana) intricate reliefs and royal tombs carved into mountainsides. Persepolis was a center for festivals and the official seat for welcoming delegations from across the empire. It was famously sacked by Alexander the Great in 330 BCE. Today Persepolis is a UNESCO World Heritage Site and a timeless testament to the grandeur and artistry of ancient Persia.
253,Naqsh-e Jahan Square,Iran,Isfahan,Middle East,Square,1598-1629,32.6572,51.6776,https://images.unsplash.com/photo-1555993539-1732b0258235,,,Naqsh-e Jahan Square (Imam Square) is a monumental urban space in the heart of Isfahan constructed during the reign of Shah Abbas I of the Safavid dynasty. Measuring 160 by 560 meters the square is surrounded by some of Iran's finest architectural sites: the Shah Mosque Sheikh Lotfollah Mosque Ali Qapu Palace and the historic Qeysarieh Bazaar. Naqsh-e Jahan's harmonious design elaborate geometric layout and decorative tilework exemplify the heights of Persian urban planning and Safavid art. Designated as a UNESCO World Heritage Site it remains a vibrant gathering place symbolizing the cultural and historical legacy of Isfahan.
254,Nasir al-Mulk Mosque,Iran,Shiraz,Middle East,Mosque,1876-1888,29.6064,52.5489,https://images.unsplash.com/photo-1555993539-1732b0258235,,,The Nasir al-Mulk Mosque widely known as the Pink Mosque stands in Shiraz. Constructed during the Qajar dynasty its expansive stained glass windows and vibrant tiles create dazzling displays of color especially at sunrise. The mosque's architecture seamlessly fuses traditional Persian design with Qajar artistic flourishes making it both a religious site and a celebrated work of Islamic art.
255,Baalbek,Lebanon,Baalbek,Middle East,Archaeological Site,1st century CE,34.0042,36.2031,https://images.unsplash.com/photo-1555993539-1732b0258235,,,Baalbek located in Lebanon's Beqaa Valley is one of the most impressive and well-preserved Roman archaeological sites in the world. Its monumental temples—dedicated to Jupiter Bacchus and Venus—feature towering columns and elaborate carvings exemplifying Imperial Roman architecture. The ruins are remnants of a settlement with even older Phoenician roots serving as both a historic marvel and a symbol of Lebanon's ancient heritage.
256,Cappadocia,Turkey,Nevşehir Province,Middle East,Historical Region,8th century BCE,38.6431,34.8318,https://images.unsplash.com/photo-1555993539-1732b0258235,,,Cappadocia is a unique historical region in central Turkey renowned for its surreal fairy chimneys extensive cave dwellings and underground cities carved into soft volcanic rock. Over millennia civilizations—from Hittites to early Christians—have left their mark on the landscape making it a UNESCO World Heritage Site. Today it is renowned for its hot air balloon rides above dramatic valleys and ancient troglodyte architecture.
257,Ephesus,Turkey,İzmir,Middle East,Archaeological Site,950 BCE,37.9390,27.3414,https://images.unsplash.com/photo-1635166045025-b078ac986d77,,,Ephesus is a legendary ancient city near modern-day Selçuk once a flourishing Greek and Roman metropolis and home to the Temple of Artemis—one of the Seven Wonders of the Ancient World. Its extensive ruins include the grand Library of Celsus Theatre and Temple of Hadrian. As a UNESCO World Heritage Site Ephesus is a testament to the region's historical and cultural significance through millennia.
258,Göbekli Tepe,Turkey,Şanlıurfa,Middle East,Archaeological Site,9500 BCE,37.2230,38.9223,https://images.unsplash.com/photo-1654346970959-efc9a1edbdc3,,,Göbekli Tepe whose name means Potbelly Hill in Turkish is regarded as the world's oldest known monumental sanctuary predating Stonehenge by thousands of years. Situated on a rocky hilltop in Southeastern Anatolia this Neolithic site features massive circular structures built with T-shaped limestone pillars many intricately carved with animal reliefs. The site inhabited from about 9500 BCE to 8000 BCE offers unique insights into prehistoric religion before the widespread adoption of agriculture. Investigations here have revolutionized understanding of the transition from hunter-gatherer to sedentary societies as there is little evidence of agriculture or permanent settlement at the time. Its impressive scale and decorated pillars suggest complex social organization among early humans.
259,Obelisk of Theodosius,Turkey,Istanbul,Middle East,Monument,390 CE,41.0054,28.9768,https://images.unsplash.com/photo-1524231757912-21f4fe3a7200,,,The Obelisk of Theodosius is an ancient Egyptian obelisk erected in the Hippodrome of Constantinople by Roman Emperor Theodosius I in 390 CE. Originally from the Temple of Karnak in Luxor Egypt it was transported to Constantinople and placed on a marble pedestal. The obelisk features hieroglyphic inscriptions and stands as a testament to the city's rich history spanning Egyptian Roman Byzantine and Ottoman periods.
260,Basilica Cistern,Turkey,Istanbul,Middle East,Historical Site,532 CE,41.0086,28.9778,https://images.unsplash.com/photo-1524231757912-21f4fe3a7200,,,The Basilica Cistern is the largest of several hundred ancient cisterns that lie beneath the city of Istanbul. Built in the 6th century during the reign of Byzantine Emperor Justinian I it was constructed using 336 columns many of which were salvaged from ruined temples. The cistern features two Medusa head columns at its northwest corner and was used to store water for the Great Palace and surrounding buildings. Today it is a popular tourist attraction known for its atmospheric lighting and mysterious ambiance.
261,Topkapi Palace,Turkey,Istanbul,Middle East,Palace,1459 CE,41.0115,28.9834,https://images.unsplash.com/photo-1524231757912-21f4fe3a7200,,,Topkapi Palace is a large museum in Istanbul that was the main residence and administrative headquarters of the Ottoman sultans for approximately 400 years. Built in the 15th century by Mehmed the Conqueror the palace complex includes four main courtyards and many smaller buildings. It houses important relics including the Prophet Muhammad's cloak and sword as well as extensive collections of Ottoman artifacts jewelry and manuscripts. The palace offers stunning views of the Golden Horn and Bosphorus.
262,Galata Tower,Turkey,Istanbul,Middle East,Tower,1348 CE,41.0256,28.9744,https://images.unsplash.com/photo-1524231757912-21f4fe3a7200,,,The Galata Tower is a medieval stone tower in the Galata quarter of Istanbul. Built in 1348 by the Genoese as part of the defense wall surrounding their colony at Constantinople it stands 67 meters tall and offers panoramic views of the city. The tower has served various purposes throughout history including as a fire lookout and today houses a restaurant and observation deck. It is one of the most recognizable landmarks of Istanbul.
263,Casa Batlló,Spain,Barcelona,Europe,Building,1906 CE,41.3917,2.1650,https://images.unsplash.com/photo-1524231757912-21f4fe3a7200,,,Casa Batlló is a building in the center of Barcelona designed by Antoni Gaudí. Built between 1904 and 1906 it is considered one of his masterpieces. The building features an undulating stone facade with balconies that look like masks and a roof that resembles a dragon's back. The interior is equally imaginative with curved walls and ceilings organic shapes and extensive use of mosaic tiles. It is a UNESCO World Heritage Site and one of the most visited attractions in Barcelona.
264,Arc de Triomf Barcelona,Spain,Barcelona,Europe,Monument,1888 CE,41.3911,2.1808,https://images.unsplash.com/photo-1524231757912-21f4fe3a7200,,,The Arc de Triomf is a triumphal arch in Barcelona built as the main entrance to the 1888 Barcelona World Fair. Designed by architect Josep Vilaseca i Casanovas it features a red brickwork facade with stone sculptures and reliefs. Unlike the Parisian Arc de Triomphe this arch was built as a temporary structure but was preserved due to its popularity. It stands at the intersection of Passeig de Lluís Companys and Passeig de Sant Joan.
265,Ronda,Spain,Málaga,Europe,Historical Site,600 BCE,36.7420,-5.1661,https://images.unsplash.com/photo-1524231757912-21f4fe3a7200,,,Ronda is a mountaintop city in Málaga province known for its dramatic location on a deep gorge. The city is divided by the El Tajo gorge with the Puente Nuevo bridge spanning the 120-meter-deep chasm. Ronda is one of Spain's oldest cities with origins dating back to the 6th century BCE. It features well-preserved Moorish architecture including the Arab Baths and the Mondragón Palace. The city's dramatic setting and rich history make it a popular tourist destination.
266,Plaza de España Sevilla,Spain,Sevilla,Europe,Square,1928 CE,37.3772,-5.9869,https://images.unsplash.com/photo-1524231757912-21f4fe3a7200,,,Plaza de España is a plaza in the Parque de María Luisa in Seville built in 1928 for the Ibero-American Exposition of 1929. It is a landmark example of the Regionalism Architecture mixing elements of the Renaissance Revival and Moorish Revival styles. The plaza is a huge half-circle with buildings continually running around the edge accessible over the moat by numerous bridges representing the four ancient kingdoms of Spain.
267,Jardin Majorelle,Morocco,Marrakech,Africa,Garden,1920 CE,31.6415,-7.9891,https://images.unsplash.com/photo-1524231757912-21f4fe3a7200,,,Jardin Majorelle is a two-and-a-half-acre botanical garden and artist's landscape garden in Marrakech Morocco. It was designed by the expatriate French artist Jacques Majorelle in the 1920s and 1930s. The garden has been open to the public since 1947. Since 1980 the garden has been owned by Yves Saint-Laurent and Pierre Bergé. The garden is a popular tourist attraction and is known for its distinctive blue color.
268,Bahia Palace,Morocco,Marrakech,Africa,Palace,1894 CE,31.6295,-7.9811,https://images.unsplash.com/photo-1524231757912-21f4fe3a7200,,,The Bahia Palace is a palace and a set of gardens located in Marrakech Morocco. It was built in the late 19th century by Si Moussa grand vizier of the sultan for his personal use. The palace is set in extensive gardens and contains a riad garden with rooms opening onto courtyards. The palace is a popular tourist attraction and is known for its beautiful architecture and gardens.
269,Medersa Ben Youssef,Morocco,Marrakech,Africa,Madrasa,1565 CE,31.6339,-7.9861,https://images.unsplash.com/photo-1524231757912-21f4fe3a7200,,,The Medersa Ben Youssef is a madrasa in the medina quarter of Marrakech Morocco. It was the largest madrasa in Morocco and is considered one of the finest examples of Moroccan architecture. The madrasa was built by the Saadian sultan Abdallah al-Ghalib in 1564-1565. The building is known for its beautiful courtyard with a large pool and its intricate stucco and tile work.
270,Koutoubia Mosque,Morocco,Marrakech,Africa,Mosque,1158 CE,31.6245,-7.9896,https://images.unsplash.com/photo-1524231757912-21f4fe3a7200,,,The Koutoubia Mosque is the largest mosque in Marrakech Morocco. The mosque was completed under the reign of the Almohad Caliph Yaqub al-Mansur and was used as a model for the Giralda in Seville and for the Hassan Tower in Rabat. The mosque is known for its distinctive minaret which is 77 meters tall and is decorated with geometric patterns and calligraphy.
271,Jardin Secret,Morocco,Marrakech,Africa,Garden,1500 CE,31.6339,-7.9861,https://images.unsplash.com/photo-1524231757912-21f4fe3a7200,,,Jardin Secret is a garden in the medina of Marrakech Morocco. The garden was created in the 16th century and was restored in the 21st century. The garden is divided into two parts: an Islamic garden and an exotic garden. The Islamic garden features geometric patterns and fountains while the exotic garden contains plants from around the world. The garden is a peaceful oasis in the bustling medina.
272,El Badi Palace,Morocco,Marrakech,Africa,Palace,1578 CE,31.6295,-7.9811,https://images.unsplash.com/photo-1524231757912-21f4fe3a7200,,,El Badi Palace is a ruined palace in Marrakech Morocco. The palace was built by the Saadian sultan Ahmad al-Mansur in the late 16th century. The palace was known for its beautiful architecture and was considered one of the most magnificent palaces in the world. The palace was destroyed in the 17th century and today only ruins remain. The ruins are still impressive and give visitors a sense of the palace's former grandeur.